{
  "name": "Lotus TPST Analyze Configuration",
  "description": "",
  "ecmHeader": [0, 0, 7, 224],
  "requests": [
    {
      "type": "Mode01",
      "name": "Essential Engine Data",
      "pids": [ 12, 17, 67 ],
      "description": "Engine speed, throttle, load_abs"
    },
    {
      "type": "Mode01",
      "name": "Essential Engine Data2",
      "pids": [ 14, 11, 16 ],
      "description": "timing, MAP, MAF"
    },
    {
      "type": "Mode22",
      "name": "Accelerator Pedal Position",
      "pidHigh": 2,
      "pidLow": 70,
      "category": "Engine Management",
      "unit": "%"
    },
    {
      "type": "Mode22",
      "name": "TPS-target",
      "pidHigh": 2,
      "pidLow": 59,
      "category": "Engine Management",
      "unit": "%"
    },
    {
      "type": "Mode22",
      "name": "TPS-actual",
      "pidHigh": 2,
      "pidLow": 69,
      "category": "Engine Management",
      "unit": "%"
    }
  ]
} 