{
  "name": "Lotus Misfire Configuration",
  "description": "Misfire Diagnosis",
  "ecmHeader": [0, 0, 7, 224],
  "requests": [
    {
      "type": "Mode01",
      "name": "Essential Engine Data",
      "pids": [ 12, 17, 67, 14 ],
      "description": "Engine speed, throttle, load, timing"
    },

    {
      "type": "Mode22",
      "name": "Octane Scaler Cylinder 1",
      "pidHigh": 2,
      "pidLow": 24,
      "category": "Performance",
      "unit": "%"
    },
    {
      "type": "Mode22",
      "name": "Octane Scaler Cylinder 3",
      "pidHigh": 2,
      "pidLow": 25,
      "category": "Performance",
      "unit": "%"
    },
    {
      "type": "Mode22",
      "name": "Octane Scaler Cylinder 5",
      "pidHigh": 2,
      "pidLow": 77,
      "category": "Performance",
      "unit": "%"
    },
    {
      "type": "Mode22",
      "name": "Accelerator Pedal Position",
      "pidHigh": 2,
      "pidLow": 70,
      "category": "Engine Management",
      "unit": "%"
    },
    {
      "type": "Mode22",
      "name": "Knock Spark Advance Retard",
      "pidHigh": 2,
      "pidLow": 49,
      "category": "Performance",
      "unit": "degrees",
      "description": "1-4"
    },
    {
      "type": "Mode22",
      "name": "Knock Spark Advance Retard",
      "pidHigh": 2,
      "pidLow": 86,
      "category": "Performance",
      "unit": "degrees",
      "description": "5-6"
    }

  ]
} 