{
  "name": "Lotus Misfire Configuration",
  "description": "Misfire Diagnosis",
  "ecmHeader": [0, 0, 7, 224],
  "requests": [
    {
      "type": "Mode01",
      "name": "Essential Engine Data",
      "pids": [ 12, 17, 67, 11 ],
      "description": "Engine speed, throttle, load, MAP"
    },
    {
      "type": "Mode01",
      "name": "Essential Engine Data2",
      "pids": [ 16, 14, 68 ],
      "description": "MAF, timing, commanded_lambda"
    },
    {
      "type": "Mode22",
      "name": "Injection Pulse Time (B1)",
      "pidHigh": 2,
      "pidLow": 5,
      "category": "Engine Management",
      "unit": "us"
    },

    //{
    //  "type": "Mode22",
    //  "name": "Octane Scaler Cylinder 1",
    //  "pidHigh": 2,
    //  "pidLow": 24,
    //  "category": "Performance",
    //  "unit": "%"
    //},
    //{
    //  "type": "Mode22",
    //  "name": "Octane Scaler Cylinder 3",
    //  "pidHigh": 2,
    //  "pidLow": 25,
    //  "category": "Performance",
    //  "unit": "%"
    //},
    //{
    //  "type": "Mode22",
    //  "name": "Octane Scaler Cylinder 4",
    //  "pidHigh": 2,
    //  "pidLow": 26,
    //  "category": "Performance",
    //  "unit": "%"
    //},
    //{
    //  "type": "Mode22",
    //  "name": "Octane Scaler Cylinder 2",
    //  "pidHigh": 2,
    //  "pidLow": 27,
    //  "category": "Performance",
    //  "unit": "%"
    //},
    //{
    //  "type": "Mode22",
    //  "name": "Octane Scaler Cylinder 5",
    //  "pidHigh": 2,
    //  "pidLow": 77,
    //  "category": "Performance",
    //  "unit": "%"
    //},
    //{
    //  "type": "Mode22",
    //  "name": "Octane Scaler Cylinder 6",
    //  "pidHigh": 2,
    //  "pidLow": 78,
    //  "category": "Performance",
    //  "unit": "%"
    //},
    {
      "type": "Mode22",
      "name": "Accelerator Pedal Position",
      "pidHigh": 2,
      "pidLow": 70,
      "category": "Engine Management",
      "unit": "%"
    },
    //{
    //  "type": "Mode22",
    //  "name": "TPS-actual",
    //  "pidHigh": 2,
    //  "pidLow": 69,
    //  "category": "Engine Management",
    //  "unit": "%"
    //},

    //{
    //  "type": "Mode22",
    //  "name": "EngineTorque(nm)",
    //  "pidHigh": 2,
    //  "pidLow": 106,
    //  "category": "Engine Management",
    //  "unit": "nm"
    //},

    //{
    //  "type": "Mode22",
    //  "name": "Misfire Cylinder 1",
    //  "pidHigh": 2,
    //  "pidLow": 52,
    //  "category": "Engine Management",
    //  "unit": "count"
    //},
    //{
    //  "type": "Mode22",
    //  "name": "Misfire Cylinder 3",
    //  "pidHigh": 2,
    //  "pidLow": 53,
    //  "category": "Engine Management",
    //  "unit": "count"
    //},
    //{
    //  "type": "Mode22",
    //  "name": "Misfire Cylinder 4",
    //  "pidHigh": 2,
    //  "pidLow": 54,
    //  "category": "Engine Management",
    //  "unit": "count"
    //},
    //{
    //  "type": "Mode22",
    //  "name": "Misfire Cylinder 2",
    //  "pidHigh": 2,
    //  "pidLow": 55,
    //  "category": "Engine Management",
    //  "unit": "count"
    //},
    //{
    //  "type": "Mode22",
    //  "name": "Misfire Cylinder 5",
    //  "pidHigh": 2,
    //  "pidLow": 87,
    //  "category": "Engine Management",
    //  "unit": "count"
    //},
    //{
    //  "type": "Mode22",
    //  "name": "Misfire Cylinder 6",
    //  "pidHigh": 2,
    //  "pidLow": 88,
    //  "category": "Engine Management",
    //  "unit": "count"
    //},
    {
      "type": "Mode22",
      "name": "Knock Spark Advance Retard",
      "pidHigh": 2,
      "pidLow": 49,
      "category": "Performance",
      "unit": "degrees",
      "description": "1-4"
    },
    {
      "type": "Mode22",
      "name": "Knock Spark Advance Retard",
      "pidHigh": 2,
      "pidLow": 86,
      "category": "Performance",
      "unit": "degrees",
      "description": "5-6"
    },
    {
      "type": "Mode22",
      "name": "Manifold Temperature",
      "pidHigh": 2,
      "pidLow": 114,
      "category": "Environmental",
      "unit": "degC"
    }


  ]
} 