{
  "name": "Lotus Default Configuration",
  "description": "Balanced set of essential Lotus ECU parameters",
  "ecmHeader": [0, 0, 7, 224],
  "requests": [
    {
      "type": "Mode01",
      "name": "Essential Engine Data",
      "pids": [ 12, 17, 67 ],
      "description": "Engine speed, throttle, load"
    },
    {
      "type": "Mode01",
      "name": "Essential Engine Data2",
      "pids": [ 5, 14, 11 ],
      "description": "coolant temp, timing, MAP"
    },
    {
      "type": "Mode22",
      "name": "Accelerator Pedal Position",
      "pidHigh": 2,
      "pidLow": 70,
      "category": "Engine Management",
      "unit": "%"
    },
    {
      "type": "Mode22",
      "name": "EngineTorque(nm)",
      "pidHigh": 2,
      "pidLow": 106,
      "category": "Engine Management",
      "unit": "nm"
    },
    {
      "type": "Mode22",
      "name": "Octane Scaler Cylinder 1",
      "pidHigh": 2,
      "pidLow": 24,
      "category": "Performance",
      "unit": "%"
    },
    {
      "type": "Mode22",
      "name": "Octane Scaler Cylinder 2",
      "pidHigh": 2,
      "pidLow": 27,
      "category": "Performance",
      "unit": "%"
    },
    {
      "type": "Mode22",
      "name": "Octane Scaler Cylinder 3",
      "pidHigh": 2,
      "pidLow": 25,
      "category": "Performance",
      "unit": "%"
    },
    {
      "type": "Mode22",
      "name": "Octane Scaler Cylinder 4",
      "pidHigh": 2,
      "pidLow": 26,
      "category": "Performance",
      "unit": "%"
    },
    {
      "type": "Mode22",
      "name": "Octane Scaler Cylinder 5",
      "pidHigh": 2,
      "pidLow": 77,
      "category": "Performance",
      "unit": "%"
    },
    {
      "type": "Mode22",
      "name": "Octane Scaler Cylinder 6",
      "pidHigh": 2,
      "pidLow": 78,
      "category": "Performance",
      "unit": "%"
    }
  ]
} 